https://pbs.twimg.com/media/B1kt0S8CcAARpKq.png:orig,41468186c349b9bd00c33fb152336fb42543d7478e12fe4699fb4ccd1a49a144
https://pbs.twimg.com/media/B21_ozJIcAAYv0I.png:orig,7e0e7b84d1e8fc27e7cc79e6a88abfd4581d611f6e08d3eb551706b027da62df
https://pbs.twimg.com/media/B44Ncu3CIAIPYZJ.png:orig,e971c3a542f6e6f48f6431165c23ad29c732786a3bc94af309e61662cb2f98a1
https://pbs.twimg.com/media/B4BY0OkCYAA1Z_Y.png:orig,cf8b35569e07770f690053b925183d6ec432253acc57bb0885de5c7a16a75e19
https://pbs.twimg.com/media/BFUKuXACQAAcc6S.png:orig,1bcf9d1f997aa7b395137cc7801cd4652b9e266e43b75f4e78357dfc089a8b72
https://pbs.twimg.com/media/BkKdNBICIAAwIhq.png:orig,ccadf34c8a106a0b6df76eb7839aa6b9fb9bae4c43fc605b0bed959ec4fefd0a
https://pbs.twimg.com/media/BkPEItiCcAA86bP.png:orig,560d9a0102490dd0cf6fe47592046d9b0df3fbf0567b855e54212defdc4532b1
https://pbs.twimg.com/media/BM3M-utCAAAOU5l.png:orig,eff4c497fae3065bf27bc14b4c964533fcf8bb4f97f93644b3ab09a49601b311
https://pbs.twimg.com/media/BmO7WjsCQAEbrxu.png:orig,458bf1c44dcb18b0add37be55b591f4e5cfdc4baadc74bf3c3fecf05ad3fb41e
https://pbs.twimg.com/media/Bmom6NeCYAAZxAf.png:orig,256784bc5445e837b7ecb8780a6e2d595351cf4633429c154eaafa9616120a0f
https://pbs.twimg.com/media/BmPWlhJCAAEmqXZ.png:orig,c261ee087ff742448d88e170716b36edfd69366afed6de783b9dff060bfc7b43
https://pbs.twimg.com/media/BmPXK2tCAAAMlz8.png:orig,c261ee087ff742448d88e170716b36edfd69366afed6de783b9dff060bfc7b43
https://pbs.twimg.com/media/BNED_BPCEAAdgfp.png:orig,802e6602973d4d0e384cd0578bcbd8d2ef5964bf93140ab9826362ad74eee373
https://pbs.twimg.com/media/BpEp6s6CEAIscXi.png:orig,0a91efd8ba860e4bc7e28fe589d897ea13c7cea1f71d91b5796974f697d116b3
https://pbs.twimg.com/media/BUORCTxCAAAws2Y.png:orig,0ce81b347e02bd51e90ecc34d422e9a9644cd4eddc13f642eefa88e68490f98b
https://pbs.twimg.com/media/BUOXEi9CAAAVrm3.png:orig,f3eb0f880e709fb1eb3eb69845f2fd5002941c42abee64629dd67ee754d36f8a
https://pbs.twimg.com/media/BUY8w98CAAARbs3.png:orig,f912a1a2c1387c11e46b98bff649bc5875ca310183cef1d0faf01a95fc4946d8
https://pbs.twimg.com/media/BVBSWZVCYAAvNfV.png:orig,1b4c02eefba81b250c09b29d5aa3e393574982b189cf3729a0684da7cea5c627
https://pbs.twimg.com/media/C513ZjDU4AAU1tx.png:orig,6d42cad42b2214867f4e38c758548b89932f4562fa9dec8314945b72d2808db8
https://pbs.twimg.com/media/C8q9vDjVwAA9U4R.png:orig,bef22c96f6a45d28b15457a85f4c90a05215d4eea0800ed3a4f6442e364d3f0a
https://pbs.twimg.com/media/CCfaWZLVEAAJTu7.png:orig,d17f79d1beed5c9f63191bbe96dde1ef89b50514327e1f339ac05681e570f8c3
https://pbs.twimg.com/media/CFmjHBBUMAEED_t.png:orig,86ed900eaee842af983b8ec1cc76d0f9927871917cefd6295895a268aeb1e23e
https://pbs.twimg.com/media/CHL_T6DUwAASY9Y.png:orig,e65d927775f819b3c037f30ccfd03c8c911feaa4a2a25bbe998f51bc5be7961b
https://pbs.twimg.com/media/CHTw1qNUwAAS7nY.png:orig,e338f97396a85b8d67e618211e14795ebf84c2ad69d5bd81af861887a4618989
https://pbs.twimg.com/media/CINBkY1UAAIvYb3.png:orig,c25a0cbeb66529a14e28639f6806a5ce24c2f85a557eb5e3638a84023f88298c
https://pbs.twimg.com/media/CJK7FicUAAAyYbf.png:orig,3fee5179d78769ac6f049d9b3c10390662ad91db305338181540d77638cc7038
https://pbs.twimg.com/media/CKoFyxsVAAACzFC.png:orig,ff91f96d70fd3dc7a2a2488ceb3909367566555f7073bb65d87eb4674e15cd76
https://pbs.twimg.com/media/CLH4YPWVEAAAg_B.png:orig,910fd9def59e63876eb480168f540b02c4f520f55d57b66ebb94fc57db7dca75
https://pbs.twimg.com/media/CLNIzg5UAAEmJhj.png:orig,e3b8681a8ad3a4496af5fef7febbb4dbaf4c406ccc77aa5bf1786ce74b49bbc3
https://pbs.twimg.com/media/CM3zznFVAAAk_18.png:orig,3c8529d0665151b054d3c344fd11365bb50862e0895d1db7da2271730914c51f
https://pbs.twimg.com/media/CNj7LwZU8AA5Rd-.png:orig,3baddf2ea6baf451bed80705093636d5d6a19a7b9d1bd8c1f617735f8c05c761
https://pbs.twimg.com/media/CQpGq6sUYAAHwGX.png:orig,c59385e75282312bb1761a709bffced9ed35f7ca28ffdde5adcf7af3f2b30582
https://pbs.twimg.com/media/CR8R279UcAIm0Na.png:orig,dbc6795ef642770a85f5d4dec5981a121a07eef45b17a85fe67f438be97b9e92
https://pbs.twimg.com/media/CRi7THBUcAA-sI6.png:orig,44ff0b6e954ef29dbb33aa4300a0858eec32f777cfca03dc00e5535fad4ec8b6
https://pbs.twimg.com/media/CRJhk3XVAAEkKsr.png:orig,01b34136045f3a4b0e08a960c5ebfeab561bb0de11163ab10c1305ab14aa79ba
https://pbs.twimg.com/media/CRLQyTFUkAAZjr_.png:orig,0424e6d26c7c6b733cbce1469bcf4609140ac40f3270d9c6fbf6dd44b4e67962
https://pbs.twimg.com/media/CSkpa4PUkAASBQB.png:orig,eed5d0b2625d97b29f5b6f42bbc07a44c4f57fa820934716feef6ff11a82e64d
https://pbs.twimg.com/media/CU0oHw0UkAAS9OZ.png:orig,c1d6c6489f36afb35f08b3afe12c23cbe6e15d9f70b6e488ca3a25f56b146894
https://pbs.twimg.com/media/CV_ySsZUwAA5rxz.png:orig,01ace96089b00632d5588eb9be162663d7f848a6a05f10a818fc9f5f11d0278e
https://pbs.twimg.com/media/CVn8OFYVAAAwnBU.png:orig,38bead85deafe5ab42d7861b9322647d6acc6ef03e913dff96386f6201a11767
https://pbs.twimg.com/media/CWiqeUWU8AAyJRQ.png:orig,1ca239f2fa275a11ae66674a35d57dcbf0f0331502c53ef95df8c9f66d824952
https://pbs.twimg.com/media/CX4akCNUQAAXzDm.png:orig,d126168a3252c5a0ab9648a71f757ab01d354a6c32e44f51433ed77c1ea5e16a
https://pbs.twimg.com/media/CX4TUeFUkAAHpEQ.png:orig,b61ac322e7feee44177108b7a34d7358579cc9d631b7bb6a77b91618bcec7adc
https://pbs.twimg.com/media/CZfPyNnUAAAEZJ9.png:orig,33078ebb1ab9e70ae505ef662a3279f19b6e777a9c9521fb54a3ca9dbbe4eedc
https://pbs.twimg.com/media/D1RUJkyWsAA5RPE.png:orig,ee4c06bba7b17aaa5874cbf31582c5147d0637ee7b6fa27e04239dad14582c39
https://pbs.twimg.com/media/D1RUOIZX0AAEtMQ.png:orig,6704bd8df15b34f2af990e6aa0d1a608ad2098247485daee736675b820b8edf3
https://pbs.twimg.com/media/D1RURkJWkAA1NzR.png:orig,f73b5950cd745f459320ba0e7ee06c7442f0d7b840f032002da01e80f3ef1865
https://pbs.twimg.com/media/D1RUWlSWsAEM9zE.png:orig,cd1fba82b26a51d26369b97bc1fb43849dbcf4673206d73836257148d988fe86
https://pbs.twimg.com/media/DcatOSZVAAA15L-.jpg:orig,adff15e48d6c34ee3f2c63108c9c45a502825d68696b08457cd17e6b9a47d981
https://pbs.twimg.com/media/EBVKFpoU0AEq5fD.png:orig,ff1da7e79208eb4774cbd77a2a01f883ad3c169650f81f77703fcef40d431043
https://pbs.twimg.com/media/EJ-N5MWUwAA__Tj.png:orig,37413ac5df726a70f0b5b0e1fecbd5a2a7ec79f8d29ae6c4d6220f07636328de
https://pbs.twimg.com/media/EJDiCjtUEAAf3G5.png:orig,c8cef42cab12a4cb6500d845f242abac26c8d479d478c666ba83435b85a43fb8
https://pbs.twimg.com/media/EKL_Xb7VAAA-4hq.png:orig,885a310f2763ff3d3d84298dc4dcc9b4c75708e367e87b0486fe01d7f2f65bbb
https://pbs.twimg.com/media/EQCA20MU4AAjaB4.png:orig,d93e684826eb41c056808397e320ffe015ce7ecb1300ee26d53d7b7ef0c20e9c
https://video.twimg.com/ext_tw_video/1051197707929309185/pu/vid/0/3000/1280x720/dIrVo4QV5W2el3wv.ts,9187dfdd4c4022afa6e9dfabcfffd21f60c2e3b98b9c2cd32dd5ae719902a29b
https://video.twimg.com/ext_tw_video/1051197707929309185/pu/vid/12000/15000/1280x720/RE5QhVgoapxxhvuX.ts,772cd3a67d4fdfb75c628ac29d1b81c4d903a70ccce7e61202de3b1f07faae86
https://video.twimg.com/ext_tw_video/1051197707929309185/pu/vid/3000/6000/1280x720/-N9fuBu2xIZT35op.ts,bdafd3907492ad6423a8dfad1960e33a217a29e4be23322fe7daef4e0b2c59a1
https://video.twimg.com/ext_tw_video/1051197707929309185/pu/vid/6000/9000/1280x720/VlqkC26siuSDCT5c.ts,fc8eeffa5597563aae94fe2c58f660b02f45fbafc3c5e3d1523a9e47a5b35c8b
https://video.twimg.com/ext_tw_video/1051197707929309185/pu/vid/9000/12000/1280x720/sZr45OYUbu-K5-az.ts,3417649975cdc08cc9f93193013943d0245a666cc7ad2b0d250dda39a346c132
https://video.twimg.com/ext_tw_video/1090310977285906433/pu/vid/0/3000/1280x720/u1HdXyMREHoW2NHH.ts,078940fb076471661cdab9919385e95166581a2cf3ac5b6e97429c44a00fd354
https://video.twimg.com/ext_tw_video/1090310977285906433/pu/vid/12000/15000/1280x720/noi0DRwQ55uxi-rP.ts,bf5aaaa4be0855e93fd9bd46986f8b2cea8f12a7fdc67c326269a4e5667ba7af
https://video.twimg.com/ext_tw_video/1090310977285906433/pu/vid/15000/18000/1280x720/CckGmEDFWinFklNY.ts,17375862907c1a0dcb1f545427787e2af67f4291c162c6d09e4789f2e395c09f
https://video.twimg.com/ext_tw_video/1090310977285906433/pu/vid/18000/21000/1280x720/anna6JCvAN5Oxs9h.ts,6bd6c04238e932ace0ae998b4137b49c540e00c342584a0ed183439907965ba0
https://video.twimg.com/ext_tw_video/1090310977285906433/pu/vid/21000/24000/1280x720/liiBx3t3go7-HJPE.ts,2c1d704cf5f65f88d47cd7e7df4fa55f9d4b230730cc7521a03bb537a0e6405e
https://video.twimg.com/ext_tw_video/1090310977285906433/pu/vid/24000/27000/1280x720/UhxUfXnGgbbPOBQ-.ts,07a7247bb71409b3620dacdddf6777f569009736ecabfa0d3089eba3ed355078
https://video.twimg.com/ext_tw_video/1090310977285906433/pu/vid/27000/30000/1280x720/C3Xso3HqFo8loBNb.ts,2ee1f0a8d95f19a03759302dcd44b25f9ae82b974382a9c343a106dc0eae3ba6
https://video.twimg.com/ext_tw_video/1090310977285906433/pu/vid/3000/6000/1280x720/XPUsbuluE74c6svy.ts,ece56831ba08bee2376192e403b838160147d4ada6a090feab7b1b1c986240b4
https://video.twimg.com/ext_tw_video/1090310977285906433/pu/vid/30000/31949/1280x720/sx_XOEQic1DvImGF.ts,b4432dae292ceaab2241e5b401554fa9d5428f338d4963131b0755a48c38c630
https://video.twimg.com/ext_tw_video/1090310977285906433/pu/vid/6000/9000/1280x720/arVugbMgELKD3TE2.ts,c77ce9c9ef42679818563a29712ff853f10307e46ac094a0b10b9ff56e5c286c
https://video.twimg.com/ext_tw_video/1090310977285906433/pu/vid/9000/12000/1280x720/CYePXGuzGgAUWw7G.ts,e21bd64d960743581d3ab98b14b8a1968eaf2db0de18d9ed661a61dd39953a8b
https://video.twimg.com/ext_tw_video/892453935436283904/pu/vid/0/3000/1280x720/XgUE2s-j4DqAhWGE.ts,d5a4c42d8a35f49fe36cf2bde0d69af15d66bcb80a0c92f0408600b104388718
https://video.twimg.com/ext_tw_video/892453935436283904/pu/vid/102000/105000/1280x720/p6zUPthZxfVujsTD.ts,805b09048228f104699fcc41b6ba5111a861b7d6b0511ee7215da5ba8caabe4a
https://video.twimg.com/ext_tw_video/892453935436283904/pu/vid/105000/108000/1280x720/B6-kk462HcGGTdyY.ts,ecf1a6b86a0023738fdfa85549ea411af5d4c64f84f881f268df2794c4371f6d
https://video.twimg.com/ext_tw_video/892453935436283904/pu/vid/108000/111000/1280x720/xeMgp5q78ABhk7yj.ts,119aab3d61408a5199312b20a1d5fbb633d3376e18119296f9ef159f0c5ae334
https://video.twimg.com/ext_tw_video/892453935436283904/pu/vid/111000/114000/1280x720/gX0HPyYP4xsarNaO.ts,cacf8bb68f5b6a865277dab13bb0ce1a6acb0ccb32c0b7da20ee2abbab27fb1e
https://video.twimg.com/ext_tw_video/892453935436283904/pu/vid/114000/117000/1280x720/ca8ichFZO766ONkJ.ts,d2155616016d6c4ff845f4b2ac7eadc4a7112a1005c39963f2d10209fcc9bd8b
https://video.twimg.com/ext_tw_video/892453935436283904/pu/vid/117000/120000/1280x720/gpQHKcH4r9eyanle.ts,c276625c0d389ca3ce65b38082acb796c4ece304263d3cc78994147d56aac514
https://video.twimg.com/ext_tw_video/892453935436283904/pu/vid/12000/15000/1280x720/QNqou886F6d_m4oc.ts,667df0a6f4581513ccff769eab4df9fbb1e3150eaea94b1046f1a94ad07944a4
https://video.twimg.com/ext_tw_video/892453935436283904/pu/vid/120000/123000/1280x720/RreoiYnFzpLhxBUm.ts,12e7953a6e1383253c3bbbbb1bb1d11b0c64b2fe3a794499776245ac8b493455
https://video.twimg.com/ext_tw_video/892453935436283904/pu/vid/123000/126000/1280x720/oTCC4nwmD0KqKadx.ts,8fa48f7e60c4ef87657220e4816768a203fe55d2db8c05397c76c9190f6ec145
https://video.twimg.com/ext_tw_video/892453935436283904/pu/vid/126000/129000/1280x720/DU7IH39SAe9BZ9l6.ts,f7ad5403ed2c52fc584514897cf4678718cb7d286248efd7f721a7b85a0acb7c
https://video.twimg.com/ext_tw_video/892453935436283904/pu/vid/129000/132000/1280x720/c2TacU1ja6yT3Fi7.ts,606380b8295f810811e08c0c2c3accea2b5d363dafe3481cc0373c5ee2396e95
https://video.twimg.com/ext_tw_video/892453935436283904/pu/vid/132000/135000/1280x720/PqcQ8lxzBr5GmlhI.ts,f213b4253b7a923def9794b04d058ea06bb1733f1c556a954b14ca11df0d4ba5
https://video.twimg.com/ext_tw_video/892453935436283904/pu/vid/135000/138000/1280x720/1OnOC1MFaSgvBzkN.ts,36726c13e4c13fba0ead7d49d73e7162a700c51c0cdacd8df88892760bcb9641
https://video.twimg.com/ext_tw_video/892453935436283904/pu/vid/138000/140000/1280x720/h6FHQHLvH8-tmopy.ts,9794e324c4673b59c17535663f8c29908660caa4a1ecbb85acda643d038319df
https://video.twimg.com/ext_tw_video/892453935436283904/pu/vid/15000/18000/1280x720/NY5tT1d5MO_-x5Xr.ts,2a6a180d3037f51e30a54be6f39ddb7808f991dc635c291a3e2bbb3f733f5b43
https://video.twimg.com/ext_tw_video/892453935436283904/pu/vid/18000/21000/1280x720/he7V8VTeM69zGAax.ts,b185f97aab5e53907b23ab8ec84948444202f55d74ccf00cb7cfcf00588bc72c
https://video.twimg.com/ext_tw_video/892453935436283904/pu/vid/21000/24000/1280x720/iNANq09YCwlG0lOv.ts,e1dd78c7d358e41ea58a77873bc579c1319ab01835450903b833eb7dbcaf18a5
https://video.twimg.com/ext_tw_video/892453935436283904/pu/vid/24000/27000/1280x720/SdJ2ofv4aDxDFKe9.ts,4cc125d2ca08cf4c14ed42b1b6849b9e998367314854e8e077629c17d874d82d
https://video.twimg.com/ext_tw_video/892453935436283904/pu/vid/27000/30000/1280x720/ZvH81R_ZvVTBLx_3.ts,075d781f6a738e51d0df752e5e5a1eaf1b34163fee3d5c0c8e4f97adebd328ba
https://video.twimg.com/ext_tw_video/892453935436283904/pu/vid/3000/6000/1280x720/5YY7d60MWCSsNZVO.ts,6f321a9b3ba872531bf17234daaccea16fd23559850f774c7bcc7d69a459a9dd
https://video.twimg.com/ext_tw_video/892453935436283904/pu/vid/30000/33000/1280x720/RaV0-8Aaz4G3IuDX.ts,5ee25787dc0d6bc748f8047112d3693411dce9f36bf302cfbb516c1cfb6fce76
https://video.twimg.com/ext_tw_video/892453935436283904/pu/vid/33000/36000/1280x720/uyqJcrr5aIH9vEGo.ts,4097ec7d13c29aeebd0dad4fb40a365be665424c512210e4cda398f00a58ae46
https://video.twimg.com/ext_tw_video/892453935436283904/pu/vid/36000/39000/1280x720/ZKEXjcxq2qObcv4W.ts,5849fc2cecf23ab309cec2892a965a6b54362eb7c1b70e7e918ab2e4f6f595ab
https://video.twimg.com/ext_tw_video/892453935436283904/pu/vid/39000/42000/1280x720/udzIqxyUFvl7gevF.ts,d25c0a989128c2fb0be42fc88e7506f46a00449d1651d680f4cdc4e2246025e0
https://video.twimg.com/ext_tw_video/892453935436283904/pu/vid/42000/45000/1280x720/GO292UeC7-J1Memh.ts,c1576c05ebf02d0b22be7bcd520f7ba42727c05b5f7a3bec2b5271eb91a45042
https://video.twimg.com/ext_tw_video/892453935436283904/pu/vid/45000/48000/1280x720/oTGgZ6xK5907upht.ts,003414f8709228cb4ecf8fcbdcf380c4c7bd528a0aefe7cddfb1b181d3b083c9
https://video.twimg.com/ext_tw_video/892453935436283904/pu/vid/48000/51000/1280x720/Pgg78cIhGNQutfr8.ts,48a563e0ecb67e6ef2d490f25dba4c3f4d28c26e3fed2111f80a784dc3fddd44
https://video.twimg.com/ext_tw_video/892453935436283904/pu/vid/51000/54000/1280x720/h5hLtfiPauzqrAJh.ts,5cb52ffe400d0ad92123faf759135f6a9fbd6a144e760a64ef1e14a17d648173
https://video.twimg.com/ext_tw_video/892453935436283904/pu/vid/54000/57000/1280x720/uP0fUrR9xjUJhguy.ts,213f824473375fdca1832676a6b8e593febf2e24684f839e657016a5e2f93b5d
https://video.twimg.com/ext_tw_video/892453935436283904/pu/vid/57000/60000/1280x720/R9Ppe4uJjSYIkCqA.ts,cea5ad37641a1a793563c55d8c146265034718e13efcdf99b43e0ab6373da8de
https://video.twimg.com/ext_tw_video/892453935436283904/pu/vid/6000/9000/1280x720/WkqOZtaF_b4irFAL.ts,82d6ae2f0409bcc3dd25dc04b452eae7535a65433a7b3e417cd7a9b16f46e9b8
https://video.twimg.com/ext_tw_video/892453935436283904/pu/vid/60000/63000/1280x720/tjnJi7vV_FZq4do7.ts,608714a6946f24b5504c08c1fb7efc98dcbcc6a788950da055df89e74e89cd83
https://video.twimg.com/ext_tw_video/892453935436283904/pu/vid/63000/66000/1280x720/r6d9ZMULJ1e6Ioi-.ts,93dda7e2319d056c158315d0288c8ae71fd22b99aa1c77a167ec992241931d64
https://video.twimg.com/ext_tw_video/892453935436283904/pu/vid/66000/69000/1280x720/7zXGtjo-rEwEKH8j.ts,6ec7d5d36fbe5048f7a405234bc2f7278999195ac029ce148e784b580f1478c8
https://video.twimg.com/ext_tw_video/892453935436283904/pu/vid/69000/72000/1280x720/4wODA8DfMbWtVW86.ts,67001eaeebe75d004f36ffc96172a2ce1ee23001f64c5a1ca47f296c405490dc
https://video.twimg.com/ext_tw_video/892453935436283904/pu/vid/72000/75000/1280x720/8xMbchm_Z5oOBHxe.ts,c7117683a0d0a47d16902ee6b3769c3bc02db5ba429be3171f36ccaed73202d7
https://video.twimg.com/ext_tw_video/892453935436283904/pu/vid/75000/78000/1280x720/VslJpO9X-insq9xM.ts,ac06e3100c1c10ded5cdb169cbd2ee0221dca52dc30262528ba67fc9102f3357
https://video.twimg.com/ext_tw_video/892453935436283904/pu/vid/78000/81000/1280x720/W8lGU4LNu3EC-277.ts,0a51556aad8971b0212604ac58353025e88477b7055e455320bc2e5c3875e675
https://video.twimg.com/ext_tw_video/892453935436283904/pu/vid/81000/84000/1280x720/RIQgeIokjU7ZvOod.ts,c411aefcd646d0be4a3aab7b60fd63813768b52c37ab16f7f18e66948f001bad
https://video.twimg.com/ext_tw_video/892453935436283904/pu/vid/84000/87000/1280x720/JB4_iSvwpom85Xqz.ts,bdf12b9e8ec62aa58119c11d741766b059ae9845d80da17e5ded077d8a9c403e
https://video.twimg.com/ext_tw_video/892453935436283904/pu/vid/87000/90000/1280x720/kRMb7TIW_MuygqFj.ts,2895c5f8cc4aadb6a05a8b6e4146797b695844744548e9f47f34a8697ff379f6
https://video.twimg.com/ext_tw_video/892453935436283904/pu/vid/9000/12000/1280x720/MgQtpSCLHgyF-cP1.ts,90ca8b83e4303333819efddac83e82943e5cc30f10a9f4e965a7c3e450bdab0a
https://video.twimg.com/ext_tw_video/892453935436283904/pu/vid/90000/93000/1280x720/J0RXkQB8lSEUzvPN.ts,413b5ac5ebb3adcdadef439447e2593166d3caf6dda29022ae1ff92b4e609825
https://video.twimg.com/ext_tw_video/892453935436283904/pu/vid/93000/96000/1280x720/uKGl2AmMwhZSF3HB.ts,1740fab8e61bd470263f9f5a5cae098746ba6c8171cb0909355abf835a3c223f
https://video.twimg.com/ext_tw_video/892453935436283904/pu/vid/96000/99000/1280x720/Tzmfm_UYzDWHOaUP.ts,aab4f4d9e79216a3dfc06d2ee097f7205411bca6796ed336f567c5c6449ec99b
https://video.twimg.com/ext_tw_video/892453935436283904/pu/vid/99000/102000/1280x720/f714qgCXE4JB7l8A.ts,d5df4277d7bd25bc146d31f07a0f9cc802dbcfccc225773dd37d198260c1e3db
https://video.twimg.com/ext_tw_video/937631769439776769/pu/vid/0/3000/1280x720/m68TLvSmDeYvID_q.ts,1c882805079b693948caf5af9c18dd05b812eb651763896c8ff7d70770815f0b
https://video.twimg.com/ext_tw_video/937631769439776769/pu/vid/102000/105000/1280x720/UzASJ5xU6sfAvDLt.ts,f090eed8a7d9489b74201b7e962bf30fe4f676c598f5a8434d07d014592da8a2
https://video.twimg.com/ext_tw_video/937631769439776769/pu/vid/105000/108000/1280x720/9uIawUyJB5cASEh_.ts,e0c312eeb45a30aa53de617e68f445ac9da6816321f9f46a00c25d5d065c718f
https://video.twimg.com/ext_tw_video/937631769439776769/pu/vid/108000/111000/1280x720/jILvc4Bez23s2y7g.ts,2a97707bb40db095f9dfe121e2a0a1bbc5b90917a65508a5e5dd0239761cfb69
https://video.twimg.com/ext_tw_video/937631769439776769/pu/vid/111000/114000/1280x720/t-PFkMidenrP_-kS.ts,c3fd50ce141b27ddbcdc0e0c435543f8af35ed4dbce4cf016c898f14005b9638
https://video.twimg.com/ext_tw_video/937631769439776769/pu/vid/114000/117000/1280x720/ix1WJz6xVnliszMo.ts,8dc296ff9647a2deed90d7481f63b98071514aff9a77201a3867ec0e4aea6364
https://video.twimg.com/ext_tw_video/937631769439776769/pu/vid/117000/120000/1280x720/CpJ4ZY3XX7ae6aBZ.ts,6db10862b3201ce67aae129b80fddb6c04a3536e4e41d249a85343e41dbe3bf0
https://video.twimg.com/ext_tw_video/937631769439776769/pu/vid/12000/15000/1280x720/fp7Bg5Y3vqbPGuIZ.ts,21e8770d269240dca1f3b1cb55e054ec83cde816e93b2c5fa673e0749d7e9f6c
https://video.twimg.com/ext_tw_video/937631769439776769/pu/vid/120000/123000/1280x720/gxWuJcoLumZUo8Rl.ts,77306f20db76359d28ee4a0e80fcd771e0b1ba824153942b814951ff1d45c188
https://video.twimg.com/ext_tw_video/937631769439776769/pu/vid/123000/126000/1280x720/jKfTpdzzZqkz31-p.ts,67826805334267d87723d8886b13a25d0a2189709911c27eca005f485dbc94f9
https://video.twimg.com/ext_tw_video/937631769439776769/pu/vid/126000/129000/1280x720/V9IUxj-Fu2JJHq8n.ts,3f4953b7df08068612a1c6a97f1fc92fac98116b73b7dfac6be8138d2c09cd06
https://video.twimg.com/ext_tw_video/937631769439776769/pu/vid/129000/132000/1280x720/sDKp7aTtBSgoj9Jd.ts,b95044a88c47a6051787d303efa34c04c2d6f7078763d3ef378c3cbfbc4202e6
https://video.twimg.com/ext_tw_video/937631769439776769/pu/vid/132000/133967/1280x720/iqa_UqXacYGBN7uI.ts,b0deb300d8bd3160fc03c7cb948c625a356961e955816b7914ed436ec250cbbc
https://video.twimg.com/ext_tw_video/937631769439776769/pu/vid/15000/18000/1280x720/78OGbeufAQeAp8C1.ts,68bb95ee4ff917f76bb864989feca8bc7a4ef855c2541c65e1255a8d676da688
https://video.twimg.com/ext_tw_video/937631769439776769/pu/vid/18000/21000/1280x720/JIUYoo9aERybIX0H.ts,b679dda4824e443e427eb91d764bf3e214e95747ddd8a1cf7cae78d4648761e7
https://video.twimg.com/ext_tw_video/937631769439776769/pu/vid/21000/24000/1280x720/DGmxFvnuSjbKvWMy.ts,0e626252e386b99689f8d4794857c1ee2e7b9b47568bf2033af66c5fcba1fae0
https://video.twimg.com/ext_tw_video/937631769439776769/pu/vid/24000/27000/1280x720/1J7V5iXVTCf-R_0p.ts,b478b7bf9b6ba37967aa709b7e0f590992bcfdf2375799db884afbfa91df0be7
https://video.twimg.com/ext_tw_video/937631769439776769/pu/vid/27000/30000/1280x720/7HS6o7Q5kIeDuLrt.ts,bf0701b7be605298d0d4012eead44a09b4d2f28887207498d8b5ba9ef26e86f1
https://video.twimg.com/ext_tw_video/937631769439776769/pu/vid/3000/6000/1280x720/0cs8Fps8Zb0MkQV4.ts,14fdf30274f9ec0e8ee24728629abf8820aab78018ee82ab8a3359c40d35ff9b
https://video.twimg.com/ext_tw_video/937631769439776769/pu/vid/30000/33000/1280x720/tnuz0QDjy4_Xy3lQ.ts,637ce313955b8452961e32fb4550afbb27e031e9d737248af98189e97c3e1b4a
https://video.twimg.com/ext_tw_video/937631769439776769/pu/vid/33000/36000/1280x720/cGpGUb_9oYHi3qmt.ts,cab28619370eed551ffcbf41a533fbcf549a9a76e3ad168fe0e1590ebc610f1b
https://video.twimg.com/ext_tw_video/937631769439776769/pu/vid/36000/39000/1280x720/8MAXfXift5ENNIpV.ts,d4517c0c6f9892ec48fdc980a2160041c78d8ab3ba1008379d579ecf7434623f
https://video.twimg.com/ext_tw_video/937631769439776769/pu/vid/39000/42000/1280x720/htuSSWQjmd793MAR.ts,16e9243421e55e272d799eb35e5a55e8e60f6dabe5339c7aadfcc48f43766568
https://video.twimg.com/ext_tw_video/937631769439776769/pu/vid/42000/45000/1280x720/1MzAV8seIwW4T6Fo.ts,57b813ca23b16e2f3cfdc2468a20bf441c27e11076b8bfbff4eb35ada3c4fbf4
https://video.twimg.com/ext_tw_video/937631769439776769/pu/vid/45000/48000/1280x720/t8u-kx8nNhDsmz64.ts,b3b66c1e2388053b9ac92b90c48f421d1234c3165894c02d70d631bd21ea44aa
https://video.twimg.com/ext_tw_video/937631769439776769/pu/vid/48000/51000/1280x720/GR0cuPkKvec4sTq7.ts,7ecbf45aea50b3637cbc9cac2129a7beeb0aa3b436d808c5df40052e7c5fac7d
https://video.twimg.com/ext_tw_video/937631769439776769/pu/vid/51000/54000/1280x720/5YqtrqvKL5BzONvV.ts,06eb6422daefe67633f519f50a81b278aa5dc6859968a4e486cf8599ba17a966
https://video.twimg.com/ext_tw_video/937631769439776769/pu/vid/54000/57000/1280x720/6FJdSVGqnJjNEbA3.ts,0440d17c7b3ddb930aac9ab4147498b192a63a51da6c832cb7f5535f01068cae
https://video.twimg.com/ext_tw_video/937631769439776769/pu/vid/57000/60000/1280x720/ykbtGPRA98pU-Zy9.ts,a6e694892af18e9a7c2a13f90de3f5196d9d4a4058e52422b8db120ff04770a8
https://video.twimg.com/ext_tw_video/937631769439776769/pu/vid/6000/9000/1280x720/u7Ps7ECWy8njaCxr.ts,bb6ba24519a8653db04e06691d907dc2814564895e2467ee94dc78ef7b907137
https://video.twimg.com/ext_tw_video/937631769439776769/pu/vid/60000/63000/1280x720/qRMZMZq0dZiwyjmD.ts,09a116af3096c8454138288f6972baaddbd82e79b7043059d65ad92ac2d6f662
https://video.twimg.com/ext_tw_video/937631769439776769/pu/vid/63000/66000/1280x720/BLMLgNI3lWWwYmhY.ts,d3fd71a5b5f18f54c1e80cbeb08352cba4e441a64a7a318907442126cb389cd3
https://video.twimg.com/ext_tw_video/937631769439776769/pu/vid/66000/69000/1280x720/ynd6IGEpZ2E-EErE.ts,b6b8ee530f2e06f373d34e145afea0de3a1ab3eb52def8ab76aa981660884ae8
https://video.twimg.com/ext_tw_video/937631769439776769/pu/vid/69000/72000/1280x720/58HKTKBeS0LBZpSU.ts,b681a5f8b1932feff5f227118fcf097eeb18348f30c5b86dc5a5d2e0173f4f29
https://video.twimg.com/ext_tw_video/937631769439776769/pu/vid/72000/75000/1280x720/NM5Y6sDyn104LAXP.ts,cdc8ecae3a61c2389833e04f421aa4bb90c46fc56ce16490decfd3ba23ea54c3
https://video.twimg.com/ext_tw_video/937631769439776769/pu/vid/75000/78000/1280x720/ff5H28dfwfsEeV6V.ts,5831b485d783f59850f8eaec4bcbab3b25e5fe974bce5d09e8d519da70862ab1
https://video.twimg.com/ext_tw_video/937631769439776769/pu/vid/78000/81000/1280x720/ZJKJlN50DqQH8AQw.ts,cb6e00ad06013065eef61754ac49dcb818d87dc24d9dbf06c9dbbf7052c33297
https://video.twimg.com/ext_tw_video/937631769439776769/pu/vid/81000/84000/1280x720/dJPRqqmJ7-H5cc57.ts,1a89138d4ad1979c0f58764fa6527c5631885e6f83e442841af98840df280bcb
https://video.twimg.com/ext_tw_video/937631769439776769/pu/vid/84000/87000/1280x720/ewjD6Iq1eReLiPxY.ts,a3a1d49e6f61945f12fb60406af9cf272cdcd61cb4beca7dee2382ff23eed8f0
https://video.twimg.com/ext_tw_video/937631769439776769/pu/vid/87000/90000/1280x720/yRi99HiREX1AOGYW.ts,abf6d9432ec48abf2b7d016efb3efe104e1591ac4b76563cbb3c5b33e36c0a6a
https://video.twimg.com/ext_tw_video/937631769439776769/pu/vid/9000/12000/1280x720/0n1eurF4VN9xXRYE.ts,b5ca76c9b84f8e4fdc23dbe32b8253304c45c85f61d5fafd5b65a1f03d886df6
https://video.twimg.com/ext_tw_video/937631769439776769/pu/vid/90000/93000/1280x720/Ei07FzmkuvkpGWVT.ts,c18b0f392babfe97dfc39c6dca7a234a10b4a585d89bd8e8d0d307be4d798e95
https://video.twimg.com/ext_tw_video/937631769439776769/pu/vid/93000/96000/1280x720/XYAPntL7KKjJgrrU.ts,7c3e4686cd0d788bb9ad7560322384000e049ed4a90048ed6bb75f1a7746462f
https://video.twimg.com/ext_tw_video/937631769439776769/pu/vid/96000/99000/1280x720/BCY82OJDInsptFxe.ts,ffe7b2a2aedc81e58b954d6a09c9d11cacab0058cd32e45fdc253043f5efb9ff
https://video.twimg.com/ext_tw_video/937631769439776769/pu/vid/99000/102000/1280x720/v7Cr4m6aHUtJQWIe.ts,b54dacfe7a970018ffcb7b75a7c911ff411f6014999ef29f5c2081c52209a396
